,3nd_neighbor
0,5979
1,19732
2,12953
3,10841
4,4807
5,19282
6,28794
7,20024
8,19622
9,333
10,3240
11,2566
12,5611
13,5354
14,18846
15,67
16,7074
17,5058
18,14787
19,3262
20,22038
21,3525
22,5285
23,26325
24,27660
25,27016
26,24061
27,3197
28,1431
29,2060
30,1215
31,13562
32,3140
33,21654
34,9397
35,28292
36,10783
37,11846
38,17331
39,22406
40,3695
41,7070
42,27902
43,16204
44,8080
45,129
46,1901
47,9876
48,21505
49,5183
50,25756
51,17410
52,20749
53,8120
54,27705
55,5172
56,18573
57,2242
58,24074
59,5945
60,19973
61,25198
62,1213
63,24759
64,22921
65,5496
66,9336
67,5615
68,15822
69,3080
70,3003
71,15003
72,27748
73,23441
74,4173
75,26778
76,3
77,14573
78,24318
79,5575
80,20129
81,8060
82,21898
83,28063
84,20248
85,3416
86,24705
87,23912
88,6149
89,17595
90,2780
91,20329
92,8346
93,25666
94,688
95,16300
96,19180
97,20967
98,12912
99,27816
100,1991
101,4833
102,28313
103,19261
104,7231
105,10719
106,10481
107,9725
108,3406
109,26653
110,23970
111,15912
112,8245
113,12738
114,3381
115,26957
116,18311
117,1330
118,25
119,19705
120,17295
121,13315
122,10736
123,3275
124,4113
125,19270
126,26806
127,17811
128,11461
129,28422
130,15544
131,2039
132,26826
133,1421
134,22376
135,648
136,27752
137,592
138,1013
139,26426
140,29055
141,8773
142,19593
143,3616
144,13081
145,2739
146,28175
147,4212
148,4770
149,5195
150,22045
151,8587
152,5085
153,4595
154,18451
155,5535
156,1534
157,8663
158,1045
159,5626
160,13675
161,4866
162,26717
163,3559
164,8539
165,20047
166,13247
167,1931
168,21308
169,989
170,10809
171,3447
172,8058
173,24388
174,23657
175,26877
176,13292
177,18869
178,4599
179,14425
180,28701
181,24764
182,3823
183,17853
184,23604
185,13436
186,4378
187,20303
188,15970
189,8478
190,24159
191,11778
192,28901
193,1512
194,4898
195,6408
196,2415
197,3803
198,10013
199,17006
200,9898
201,16332
202,13745
203,17439
204,9604
205,24144
206,10733
207,15715
208,22371
209,4738
210,19343
211,2708
212,243
213,4060
214,17065
215,6434
216,2677
217,14365
218,6722
219,5635
220,4437
221,10616
222,20193
223,4846
224,23456
225,22513
226,9679
227,24755
228,1734
229,8775
230,23751
231,3670
232,21343
233,27515
234,18202
235,14920
236,10248
237,4630
238,5155
239,2524
240,9713
241,20712
242,4191
243,2899
244,22380
245,4191
246,21442
247,17545
248,5989
249,21502
250,9176
251,16753
252,4451
253,4113
254,17157
255,1299
256,4359
257,25700
258,27421
259,5812
260,26950
261,15705
262,111
263,13833
264,21706
265,12366
266,13998
267,13164
268,6344
269,23405
270,13052
271,11126
272,87
273,13736
274,28852
275,14575
276,10456
277,23053
278,4276
279,1588
280,14653
281,23428
282,5290
283,3630
284,21244
285,1295
286,2120
287,4221
288,18414
289,173
290,578
291,11920
292,12822
293,10237
294,4706
295,20124
296,4686
297,21486
298,706
299,25690
300,27918
301,14410
302,11565
303,10436
304,25876
305,19640
306,5158
307,27569
308,12436
309,3075
310,886
311,20959
312,24703
313,1615
314,3468
315,16573
316,2678
317,986
318,12805
319,15707
320,13665
321,13141
322,20957
323,11687
324,4525
325,16464
326,5987
327,5163
328,22037
329,1961
330,22394
331,15656
332,1804
333,9323
334,23332
335,663
336,15672
337,26894
338,3120
339,6337
340,6493
341,21356
342,25829
343,13258
344,6431
345,1639
346,23892
347,4131
348,25775
349,9583
350,13492
351,28017
352,6577
353,23849
354,21312
355,20167
356,8177
357,19307
358,4268
359,10193
360,341
361,15362
362,25006
363,27784
364,5620
365,9844
366,21404
367,6634
368,5575
369,4571
370,3332
371,13428
372,11406
373,27668
374,2604
375,28590
376,19993
377,18256
378,19608
379,19724
380,4285
381,5922
382,25513
383,273
384,2490
385,26131
386,17006
387,21252
388,3957
389,17321
390,13320
391,23807
392,27264
393,27387
394,22010
395,10652
396,1197
397,18036
398,5589
399,24775
400,6591
401,28150
402,6782
403,27621
404,6034
405,20498
406,4230
407,14661
408,24132
409,6490
410,28120
411,14643
412,8062
413,1783
414,11035
415,16202
416,2459
417,9547
418,11063
419,23232
420,6002
421,4216
422,14265
423,9174
424,23149
425,23145
426,7239
427,21327
428,21827
429,20896
430,8066
431,21297
432,25400
433,26401
434,3273
435,3687
436,28898
437,14940
438,8740
439,1904
440,23546
441,23809
442,13984
443,3034
444,3166
445,15921
446,26687
447,6258
448,22228
449,4038
450,5598
451,3743
452,255
453,24056
454,22524
455,5133
456,928
457,23256
458,3284
459,4058
460,945
461,4241
462,17654
463,27689
464,21992
465,13956
466,3751
467,2916
468,22067
469,24865
470,2723
471,27210
472,4346
473,1405
474,3505
475,14429
476,20809
477,4513
478,3913
479,5290
480,3484
481,2059
482,4998
483,6378
484,21720
485,22153
486,10265
487,4366
488,18268
489,23507
490,6097
491,23819
492,5851
493,3449
494,20374
495,24783
496,6215
497,23529
498,23950
499,11994
500,10216
501,1245
502,4128
503,2485
504,5701
505,2598
506,17836
507,28805
508,18209
509,23536
510,10732
511,4536
512,18768
513,5059
514,16204
515,27219
516,13976
517,27618
518,25974
519,18440
520,26246
521,27129
522,8883
523,21805
524,13591
525,6834
526,13046
527,9810
528,21442
529,14666
530,14461
531,8370
532,23439
533,916
534,21333
535,13112
536,5777
537,8980
538,13088
539,25020
540,25266
541,9034
542,16115
543,6744
544,28187
545,7095
546,9472
547,3379
548,14555
549,12448
550,21486
551,26807
552,22304
553,21661
554,11086
555,26157
556,2813
557,24943
558,1850
559,5894
560,13658
561,668
562,16846
563,12210
564,26476
565,2786
566,5276
567,6378
568,11506
569,1063
570,17245
571,7230
572,3280
573,8147
574,12265
575,1502
576,11087
577,1337
578,11435
579,15972
580,28116
581,1266
582,5871
583,23989
584,7625
585,19781
586,6420
587,6431
588,8893
589,1778
590,8424
591,2095
592,14381
593,18990
594,5839
595,571
596,1101
597,16620
598,4477
599,3721
600,18111
601,1726
602,23821
603,2828
604,6103
605,1718
606,10232
607,25730
608,2681
609,4308
610,16416
611,4461
612,23177
613,16077
614,15933
615,2107
616,27506
617,4940
618,25725
619,21644
620,18779
621,5352
622,8092
623,1395
624,28939
625,1687
626,21307
627,471
628,13448
629,11491
630,23046
631,11808
632,20190
633,4257
634,1697
635,14675
636,23638
637,28798
638,14533
639,12204
640,17686
641,14077
642,18574
643,3312
644,9045
645,26783
646,28535
647,4604
648,2680
649,27577
650,17066
651,11968
652,13361
653,29003
654,13559
655,314
656,23710
657,1245
658,3654
659,2216
660,19972
661,28663
662,5698
663,15739
664,181
665,17654
666,1673
667,21368
668,790
669,18747
670,3236
671,26287
672,19738
673,2205
674,12877
675,9643
676,15006
677,28652
678,335
679,16622
680,16126
681,4439
682,10095
683,25970
684,113
685,13199
686,1223
687,190
688,25198
689,635
690,3135
691,28710
692,9511
693,11446
694,10204
695,465
696,11005
697,12912
698,10071
699,19775
700,2074
701,24825
702,4940
703,16618
704,1497
705,4883
706,24277
707,27645
708,4837
709,1457
710,11397
711,9755
712,22604
713,28808
714,2487
715,3418
716,28178
717,1746
718,19873
719,19819
720,1289
721,12602
722,23465
723,20927
724,28771
725,17688
726,11072
727,13601
728,5708
729,17654
730,8024
731,11410
732,25721
733,10606
734,14939
735,21379
736,2198
737,1647
738,4002
739,2237
740,6231
741,26849
742,4843
743,19142
744,6184
745,16910
746,3354
747,10654
748,11918
749,3127
750,194
751,24702
752,4937
753,3312
754,5978
755,3491
756,1461
757,25198
758,5835
759,2559
760,6168
761,4907
762,21993
763,28598
764,8022
765,6220
766,225
767,1528
768,25648
769,19188
770,140
771,25512
772,21471
773,18027
774,16615
775,13591
776,1068
777,5015
778,6010
779,4101
780,26340
781,9552
782,20949
783,2684
784,3936
785,8425
786,22006
787,14397
788,15187
789,5728
790,26283
791,11771
792,17146
793,23271
794,11373
795,12890
796,4373
797,5148
798,9351
799,26050
800,17275
801,8921
802,522
803,7516
804,7110
805,24258
806,6562
807,15062
808,5198
809,14862
810,4941
811,25690
812,276
813,2484
814,15036
815,20087
816,5496
817,5599
818,438
819,1299
820,11944
821,11568
822,3553
823,24400
824,2599
825,22809
826,8333
827,16471
828,25084
829,18223
830,23532
831,23837
832,2740
833,1534
834,1852
835,6294
836,11180
837,10292
838,24619
839,27113
840,9576
841,7820
842,20989
843,11849
844,6423
845,6735
846,24456
847,27091
848,19463
849,810
850,14112
851,10114
852,16750
853,2136
854,14068
855,28485
856,15684
857,6961
858,17815
859,10223
860,27447
861,11184
862,13669
863,17350
864,1382
865,3049
866,23568
867,25401
868,10147
869,4998
870,6546
871,10411
872,8297
873,21118
874,15556
875,1994
876,13068
877,20142
878,8198
879,93
880,15921
881,7781
882,20199
883,6263
884,4196
885,9186
886,11582
887,6405
888,10038
889,20183
890,5751
891,26139
892,4998
893,3001
894,14883
895,3711
896,13546
897,6882
898,1472
899,13319
900,27764
901,15522
902,26324
903,26447
904,25983
905,4618
906,1038
907,7334
908,26362
909,27370
910,11730
911,2184
912,2103
913,23433
914,17189
915,20620
916,15407
917,11184
918,6029
919,18958
920,18303
921,5519
922,14179
923,19526
924,18465
925,4837
926,7292
927,3968
928,12266
929,15508
930,3574
931,26898
932,22040
933,286
934,26573
935,3098
936,2748
937,5727
938,23973
939,28990
940,16292
941,26596
942,8040
943,24468
944,24777
945,5866
946,16999
947,667
948,6317
949,6735
950,7565
951,24118
952,28560
953,4163
954,23324
955,17933
956,1496
957,2398
958,28515
959,3411
960,22531
961,18596
962,3607
963,15074
964,8351
965,898
966,24906
967,271
968,4713
969,15607
970,28320
971,2281
972,23460
973,21951
974,5962
975,27484
976,9186
977,10286
978,25721
979,17835
980,21337
981,27977
982,6602
983,3338
984,8058
985,6069
986,23716
987,19858
988,10228
989,6724
990,13920
991,5175
992,1549
993,4
994,27457
995,11592
996,28728
997,14440
998,16845
999,3295
1000,1448
1001,4173
1002,13542
1003,11973
1004,3855
1005,24991
1006,21651
1007,27429
1008,2450
1009,4868
1010,16283
1011,27453
1012,19009
1013,6041
1014,12691
1015,14678
1016,41
1017,27746
1018,26495
1019,17143
1020,7711
1021,28072
1022,19719
1023,21119
1024,1307
1025,23142
1026,3329
1027,9446
1028,17656
1029,22679
1030,9654
1031,23855
1032,12513
1033,9931
1034,25192
1035,17355
1036,16544
1037,6440
1038,24427
1039,11
1040,26281
1041,26325
1042,1843
1043,5192
1044,18844
1045,18568
1046,6422
1047,7046
1048,27439
1049,14720
1050,6118
1051,9555
1052,11388
1053,1361
1054,1093
1055,26551
1056,23006
1057,21094
1058,21647
1059,28121
1060,6423
1061,11489
1062,4530
1063,17370
1064,15094
1065,5948
1066,18174
1067,25400
1068,13933
1069,10425
1070,1680
1071,23629
1072,2844
1073,14443
1074,25891
1075,6300
1076,12374
1077,25823
1078,1549
1079,5290
1080,11910
1081,4242
1082,19273
1083,25369
1084,27723
1085,3379
1086,22034
1087,5433
1088,5935
1089,22522
1090,10276
1091,23813
1092,25847
1093,19291
1094,14343
1095,7655
1096,14084
1097,4913
1098,18692
1099,3260
1100,4191
1101,1604
1102,4944
1103,13987
1104,12486
1105,17910
1106,5165
1107,5211
1108,9994
1109,19340
1110,14406
1111,22873
1112,4884
1113,13409
1114,25873
1115,27619
1116,25354
1117,16213
1118,26945
1119,3404
1120,3821
1121,550
1122,1915
1123,25968
1124,15355
1125,12710
1126,25807
1127,22383
1128,23010
1129,635
1130,1045
1131,10949
1132,18375
1133,28232
1134,28692
1135,28623
1136,1337
1137,1497
1138,25556
1139,3180
1140,26154
1141,2868
1142,1994
1143,23497
1144,9267
1145,15638
1146,12433
1147,22503
1148,25614
1149,5011
1150,928
1151,17727
1152,3554
1153,27138
1154,8894
1155,26342
1156,2388
1157,11260
1158,3890
1159,4907
1160,14009
1161,5032
1162,7302
1163,24550
1164,16859
1165,13038
1166,23982
1167,3762
1168,2812
1169,3280
1170,12891
1171,4042
1172,6020
1173,17063
1174,20978
1175,14298
1176,28731
1177,3964
1178,11861
1179,13477
1180,1757
1181,22146
1182,11101
1183,22432
1184,23831
1185,5607
1186,5267
1187,13406
1188,5824
1189,22307
1190,28338
1191,6879
1192,7109
1193,21520
1194,18787
1195,16205
1196,23243
1197,22159
1198,28909
1199,24787
1200,5363
1201,8316
1202,24195
1203,5022
1204,25970
1205,5158
1206,17954
1207,4870
1208,12352
1209,6769
1210,9936
1211,3316
1212,6342
1213,16726
1214,1026
1215,20286
1216,23044
1217,673
1218,5230
1219,13588
1220,23564
1221,2726
1222,20534
1223,21344
1224,2233
1225,22727
1226,12398
1227,6017
1228,4659
1229,23795
1230,22983
1231,12688
1232,14455
1233,4272
1234,11444
1235,2660
1236,3284
1237,10558
1238,6032
1239,12676
1240,22136
1241,8510
1242,10700
1243,7383
1244,24151
1245,15113
1246,13251
1247,3093
1248,16548
1249,27387
1250,8414
1251,16498
1252,8587
1253,2508
1254,23462
1255,5189
1256,22972
1257,3591
1258,7352
1259,26633
1260,1280
1261,18904
1262,23540
1263,21308
1264,15445
1265,4191
1266,14263
1267,12171
1268,787
1269,6332
1270,56
1271,4837
1272,3719
1273,13359
1274,27902
1275,3260
1276,2569
1277,990
1278,5100
1279,10654
1280,18319
1281,7475
1282,4338
1283,3985
1284,5802
1285,23523
1286,9039
1287,2442
1288,8947
1289,71
1290,5402
1291,28594
1292,9830
1293,17471
1294,26236
1295,13426
1296,24375
1297,12119
1298,27863
1299,19311
1300,21388
1301,196
1302,27989
1303,19129
1304,22232
1305,4900
1306,24665
1307,4093
1308,1754
1309,13424
1310,2655
1311,15990
1312,22652
1313,23923
1314,2684
1315,18581
1316,3969
1317,9209
1318,1720
1319,16015
1320,19987
1321,17727
1322,17125
1323,9055
1324,18870
1325,17594
1326,154
1327,14817
1328,652
1329,17921
1330,12439
1331,4586
1332,25343
1333,11137
1334,28107
1335,10815
1336,19754
1337,9262
1338,15360
1339,19657
1340,12891
1341,27579
1342,17602
1343,5807
1344,20453
1345,6153
1346,21685
1347,11271
1348,3193
1349,11892
1350,19843
1351,20858
1352,3887
1353,7515
1354,19826
1355,7968
1356,16547
1357,23086
1358,9475
1359,4776
1360,10007
1361,240
1362,15169
1363,1873
1364,22380
1365,23824
1366,26421
1367,27108
1368,23173
1369,26319
1370,12796
1371,4257
1372,10441
1373,23097
1374,22658
1375,2204
1376,20632
1377,20087
1378,3878
1379,14383
1380,14282
1381,1988
1382,1792
1383,6268
1384,11295
1385,21388
1386,615
1387,7550
1388,1060
1389,2604
1390,26495
1391,4961
1392,331
1393,23252
1394,12336
1395,24852
1396,14346
1397,2813
1398,16576
1399,24056
1400,25940
1401,770
1402,4346
1403,23217
1404,19503
1405,7854
1406,4257
1407,5192
1408,21437
1409,5145
1410,19136
1411,5577
1412,10499
1413,14330
1414,6308
1415,23353
1416,1057
1417,550
1418,12612
1419,21035
1420,1109
1421,8790
1422,24669
1423,9063
1424,612
1425,22086
1426,12923
1427,21665
1428,3180
1429,2450
1430,1644
1431,6465
1432,25525
1433,6149
1434,3075
1435,7612
1436,17279
1437,21246
1438,6124
1439,7056
1440,3645
1441,14379
1442,19129
1443,16244
1444,19389
1445,18895
1446,20250
1447,21739
1448,11378
1449,3104
1450,3524
1451,1516
1452,16975
1453,3887
1454,17609
1455,5128
1456,26868
1457,17789
1458,4190
1459,19190
1460,5910
1461,16972
1462,12158
1463,4693
1464,2864
1465,5167
1466,25826
1467,16126
1468,4367
1469,24870
1470,9123
1471,27110
1472,815
1473,5197
1474,6186
1475,1638
1476,25494
1477,5066
1478,4698
1479,12365
1480,457
1481,6484
1482,8294
1483,23113
1484,20576
1485,4513
1486,6947
1487,17700
1488,410
1489,20319
1490,15725
1491,9189
1492,18932
1493,13371
1494,10213
1495,2315
1496,11778
1497,3275
1498,5863
1499,8114
1500,16931
1501,17352
1502,14381
1503,4284
1504,24876
1505,16244
1506,6029
1507,5527
1508,3218
1509,4236
1510,262
1511,8501
1512,5050
1513,5984
1514,593
1515,17197
1516,4928
1517,3740
1518,28761
1519,20663
1520,76
1521,4349
1522,22079
1523,18905
1524,29061
1525,25969
1526,6529
1527,3251
1528,13828
1529,350
1530,4738
1531,3796
1532,1415
1533,7774
1534,26310
1535,1680
1536,2471
1537,4338
1538,25151
1539,11359
1540,6904
1541,10428
1542,28623
1543,9524
1544,16931
1545,4883
1546,19147
1547,15069
1548,175
1549,10271
1550,26972
1551,19328
1552,24502
1553,6747
1554,8187
1555,15189
1556,3762
1557,23127
1558,16648
1559,11127
1560,9189
1561,3583
1562,1474
1563,24093
1564,2532
1565,2460
1566,14198
1567,9185
1568,25712
1569,5678
1570,3574
1571,5203
1572,1575
1573,25819
1574,25262
1575,22960
1576,11564
1577,21781
1578,19686
1579,23984
1580,19357
1581,3985
1582,6500
1583,603
1584,22458
1585,12914
1586,10275
1587,26944
1588,21078
1589,3113
1590,10215
1591,1558
1592,22796
1593,10245
1594,1315
1595,22441
1596,19092
1597,1798
1598,3896
1599,6908
1600,12395
1601,6279
1602,25314
1603,3201
1604,15126
1605,19784
1606,4103
1607,17967
1608,1497
1609,1307
1610,18075
1611,8455
1612,12583
1613,9096
1614,12295
1615,882
1616,5404
1617,17032
1618,18047
1619,1261
1620,10846
1621,2785
1622,10809
1623,26773
1624,20220
1625,26585
1626,27476
1627,12479
1628,12180
1629,27087
1630,25430
1631,27679
1632,3297
1633,198
1634,287
1635,5987
1636,16957
1637,7373
1638,5587
1639,13480
1640,20085
1641,6079
1642,23353
1643,23619
1644,19307
1645,21895
1646,19927
1647,5768
1648,10996
1649,199
1650,21392
1651,4138
1652,12290
1653,13231
1654,18105
1655,23714
1656,10428
1657,7626
1658,22594
1659,14877
1660,3736
1661,11742
1662,1072
1663,21840
1664,512
1665,7422
1666,5182
1667,18579
1668,2323
1669,15500
1670,19104
1671,9454
1672,16629
1673,16331
1674,28776
1675,9353
1676,10622
1677,5810
1678,27640
1679,25904
1680,15130
1681,8591
1682,4926
1683,28688
1684,14287
1685,19164
1686,23113
1687,7886
1688,4257
1689,25844
1690,2143
1691,3202
1692,26665
1693,26427
1694,17087
1695,2417
1696,8647
1697,2674
1698,13430
1699,4984
1700,2107
1701,22541
1702,3473
1703,17584
1704,13569
1705,25122
1706,17024
1707,20663
1708,17673
1709,5851
1710,28016
1711,10461
1712,11106
1713,5443
1714,11051
1715,22517
1716,17740
1717,12115
1718,3464
1719,19089
1720,5085
1721,1726
1722,2957
1723,4890
1724,1346
1725,875
1726,9994
1727,14714
1728,6494
1729,10128
1730,6462
1731,11231
1732,178
1733,4738
1734,3612
1735,7787
1736,2095
1737,3316
1738,4678
1739,6304
1740,16409
1741,4284
1742,24235
1743,20063
1744,17065
1745,14246
1746,7484
1747,22389
1748,5061
1749,26615
1750,1636
1751,1697
1752,1525
1753,2844
1754,25523
1755,27329
1756,13652
1757,24143
1758,26606
1759,6541
1760,5354
1761,3137
1762,3468
1763,2225
1764,16818
1765,3446
1766,638
1767,12314
1768,5354
1769,1965
1770,19453
1771,24152
1772,21319
1773,25831
1774,1827
1775,4593
1776,24355
1777,9763
1778,18652
1779,29097
1780,9725
1781,1889
1782,3055
1783,14410
1784,7581
1785,8913
1786,2006
1787,23387
1788,27375
1789,9761
1790,25911
1791,3350
1792,3117
1793,10488
1794,20142
1795,6996
1796,20674
1797,10207
1798,11661
1799,18313
1800,1830
1801,16516
1802,4602
1803,25152
1804,11600
1805,23029
1806,14262
1807,14777
1808,16420
1809,2097
1810,8251
1811,745
1812,26654
1813,15861
1814,23124
1815,3617
1816,17688
1817,18865
1818,2549
1819,21590
1820,4371
1821,1585
1822,24425
1823,21560
1824,11176
1825,9358
1826,124
1827,12936
1828,14284
1829,18302
1830,15835
1831,14382
1832,4805
1833,26012
1834,5143
1835,9232
1836,3195
1837,18180
1838,9080
1839,9378
1840,23599
1841,16648
1842,11845
1843,12447
1844,8900
1845,15617
1846,25197
1847,14655
1848,21904
1849,9174
1850,8348
1851,23070
1852,5054
1853,345
1854,28717
1855,13330
1856,18571
1857,4697
1858,980
1859,22906
1860,17012
1861,18034
1862,2815
1863,8726
1864,6392
1865,6101
1866,2534
1867,25190
1868,11375
1869,18031
1870,19220
1871,16846
1872,1827
1873,4523
1874,6420
1875,10115
1876,4844
1877,7755
1878,17411
1879,14729
1880,9120
1881,756
1882,12317
1883,2277
1884,4730
1885,15439
1886,1943
1887,19219
1888,19695
1889,17058
1890,19354
1891,776
1892,11131
1893,27916
1894,13053
1895,20588
1896,5584
1897,23656
1898,4688
1899,21960
1900,7554
1901,4947
1902,21584
1903,5590
1904,10393
1905,1046
1906,25523
1907,5259
1908,23681
1909,5947
1910,3883
1911,19180
1912,26834
1913,8741
1914,1965
1915,4272
1916,17405
1917,14050
1918,8419
1919,7898
1920,19330
1921,15965
1922,18534
1923,21569
1924,3719
1925,13046
1926,5271
1927,25876
1928,14630
1929,22323
1930,3483
1931,9081
1932,3820
1933,18303
1934,1639
1935,24779
1936,463
1937,14252
1938,27501
1939,26243
1940,13278
1941,6488
1942,11368
1943,9806
1944,9792
1945,18467
1946,3591
1947,9343
1948,2751
1949,27618
1950,2963
1951,10284
1952,6094
1953,14294
1954,18169
1955,5942
1956,9545
1957,24076
1958,9899
1959,8153
1960,12707
1961,14623
1962,24022
1963,26951
1964,222
1965,5429
1966,6784
1967,2753
1968,6068
1969,1230
1970,249
1971,2010
1972,28486
1973,29108
1974,25671
1975,2092
1976,9415
1977,19033
1978,12526
1979,19494
1980,2627
1981,20871
1982,25823
1983,9599
1984,11007
1985,13916
1986,3475
1987,19266
1988,26279
1989,27756
1990,23539
1991,22506
1992,2237
1993,5679
1994,187
1995,16535
1996,5705
1997,26117
1998,23410
1999,28084
2000,6525
2001,2777
2002,17614
2003,21338
2004,1501
2005,17612
2006,26392
2007,14753
2008,14987
2009,15986
2010,25050
2011,24473
2012,22767
2013,23646
2014,3061
2015,28569
2016,11471
2017,22767
2018,4350
2019,10906
2020,17561
2021,21391
2022,18460
2023,598
2024,27363
2025,3883
2026,13731
2027,10435
2028,21080
2029,4850
2030,28366
2031,20420
2032,25630
2033,11308
2034,7829
2035,8503
2036,674
2037,9676
2038,182
2039,18432
2040,3028
2041,7922
2042,26878
2043,8023
2044,16387
2045,10539
2046,855
2047,3909
2048,14323
2049,6045
2050,15424
2051,23044
2052,27882
2053,6861
2054,5623
2055,4415
2056,5418
2057,5958
2058,3329
2059,18715
2060,6147
2061,25991
2062,314
2063,9661
2064,21087
2065,5319
2066,10144
2067,10177
2068,17654
2069,28189
2070,3046
2071,1697
2072,2739
2073,2252
2074,3587
2075,5578
2076,1575
2077,10306
2078,6861
2079,14940
2080,16157
2081,15966
2082,24471
2083,18302
2084,27483
2085,27176
2086,16874
2087,15368
2088,8899
2089,2262
2090,13081
2091,15957
2092,3243
2093,12305
2094,6385
2095,21450
2096,10895
2097,9321
2098,3137
2099,21707
2100,5786
2101,21943
2102,10934
2103,15322
2104,10651
2105,23515
2106,8584
2107,211
2108,4007
2109,23439
2110,5462
2111,21649
2112,5513
2113,25465
2114,14125
2115,7945
2116,21827
2117,25072
2118,5321
2119,22626
2120,21241
2121,2632
2122,23302
2123,3118
2124,14977
2125,16742
2126,13731
2127,2772
2128,1360
2129,5290
2130,5256
2131,26279
2132,12372
2133,4044
2134,16422
2135,6869
2136,4757
2137,2444
2138,3051
2139,3580
2140,1124
2141,12912
2142,24728
2143,4191
2144,25664
2145,4170
2146,6525
2147,9486
2148,257
2149,3743
2150,1108
2151,1299
2152,662
2153,5797
2154,4770
2155,26466
2156,14350
2157,17657
2158,2556
2159,20057
2160,11689
2161,21283
2162,20660
2163,2892
2164,15032
2165,7007
2166,2596
2167,3897
2168,28079
2169,23086
2170,27008
2171,6434
2172,17922
2173,3674
2174,26944
2175,7427
2176,24728
2177,13403
2178,10502
2179,27916
2180,28349
2181,19906
2182,9944
2183,28992
2184,15718
2185,488
2186,12695
2187,11431
2188,4112
2189,6356
2190,23585
2191,15061
2192,20059
2193,23846
2194,26350
2195,22057
2196,8026
2197,13668
2198,8060
2199,12507
2200,20144
2201,10924
2202,24461
2203,12633
2204,28033
2205,21065
2206,16664
2207,26887
2208,16635
2209,27891
2210,15992
2211,6272
2212,9059
2213,1466
2214,5318
2215,27419
2216,1225
2217,23029
2218,17362
2219,4433
2220,15770
2221,5306
2222,16572
2223,19436
2224,18719
2225,379
2226,1032
2227,5828
2228,18789
2229,22753
2230,4089
2231,23211
2232,22102
2233,18744
2234,19209
2235,25292
2236,24251
2237,8156
2238,6275
2239,13253
2240,27357
2241,8178
2242,17507
2243,18529
2244,3743
2245,4736
2246,4415
2247,21833
2248,29114
2249,2683
2250,14004
2251,26972
2252,3883
2253,14914
2254,7250
2255,16084
2256,24609
2257,5504
2258,27429
2259,14987
2260,8052
2261,27766
2262,24090
2263,25136
2264,6507
2265,17587
2266,19855
2267,18232
2268,15421
2269,6492
2270,13260
2271,12920
2272,20996
2273,14144
2274,6641
2275,446
2276,18699
2277,1883
2278,4935
2279,4106
2280,15085
2281,6308
2282,22384
2283,27318
2284,14997
2285,14970
2286,13172
2287,22846
2288,18520
2289,25787
2290,12550
2291,1575
2292,3252
2293,6275
2294,27398
2295,17765
2296,23701
2297,8393
2298,10711
2299,16531
2300,13922
2301,21367
2302,6067
2303,24057
2304,11092
2305,8
2306,584
2307,28369
2308,18667
2309,24400
2310,25103
2311,3549
2312,21504
2313,22575
2314,20201
2315,12119
2316,27271
2317,17795
2318,2073
2319,16079
2320,2553
2321,24332
2322,9296
2323,2488
2324,26734
2325,26075
2326,5441
2327,1110
2328,5703
2329,6666
2330,7725
2331,6302
2332,21241
2333,4309
2334,12103
2335,20019
2336,28451
2337,2712
2338,17345
2339,24747
2340,16990
2341,5710
2342,4660
2343,12138
2344,27018
2345,4460
2346,26996
2347,4907
2348,24006
2349,15360
2350,1497
2351,1506
2352,3413
2353,14941
2354,12905
2355,9710
2356,624
2357,12155
2358,14851
2359,13168
2360,3536
2361,20335
2362,4892
2363,237
2364,15949
2365,22933
2366,9567
2367,5267
2368,3100
2369,10843
2370,5161
2371,16605
2372,4738
2373,25827
2374,10417
2375,25748
2376,11642
2377,28798
2378,11368
2379,1260
2380,11201
2381,18038
2382,13455
2383,21456
2384,20139
2385,9536
2386,3070
2387,6131
2388,8115
2389,2523
2390,8816
2391,3574
2392,15292
2393,3449
2394,5945
2395,5045
2396,6498
2397,14112
2398,6285
2399,4257
2400,11368
2401,24960
2402,27273
2403,15662
2404,968
2405,4763
2406,17234
2407,6492
2408,5316
2409,6423
2410,8367
2411,4205
2412,13444
2413,23113
2414,13071
2415,28216
2416,13290
2417,1616
2418,506
2419,10537
2420,20014
2421,23135
2422,16086
2423,17849
2424,16288
2425,4656
2426,22189
2427,6567
2428,20227
2429,13148
2430,27675
2431,4734
2432,8859
2433,5884
2434,8504
2435,23896
2436,10950
2437,24994
2438,16267
2439,15533
2440,6364
2441,23827
2442,5465
2443,26243
2444,11994
2445,27601
2446,1853
2447,2053
2448,26970
2449,5869
2450,17140
2451,3531
2452,9598
2453,56
2454,8087
2455,3742
2456,5267
2457,6863
2458,4340
2459,13745
2460,5920
2461,25651
2462,24572
2463,19341
2464,5718
2465,5973
2466,5328
2467,3432
2468,14872
2469,7550
2470,25000
2471,24324
2472,25843
2473,4460
2474,2183
2475,3273
2476,28551
2477,14568
2478,19424
2479,200
2480,11291
2481,21799
2482,4821
2483,4360
2484,23466
2485,2537
2486,24460
2487,18593
2488,13742
2489,2790
2490,2273
2491,5676
2492,24504
2493,18804
2494,3195
2495,14606
2496,9844
2497,9296
2498,26000
2499,19330
2500,3685
2501,2708
2502,24711
2503,8172
2504,26235
2505,13104
2506,23609
2507,9436
2508,16255
2509,6947
2510,27960
2511,635
2512,8393
2513,8306
2514,220
2515,23721
2516,10177
2517,928
2518,1901
2519,7750
2520,1673
2521,1544
2522,6618
2523,25741
2524,519
2525,28461
2526,8298
2527,2050
2528,21992
2529,2835
2530,23235
2531,2071
2532,28997
2533,25425
2534,24639
2535,26917
2536,2682
2537,10183
2538,8724
2539,22739
2540,1500
2541,333
2542,8397
2543,3116
2544,5947
2545,19312
2546,1038
2547,2560
2548,4387
2549,8239
2550,20114
2551,18147
2552,11479
2553,25853
2554,24260
2555,4421
2556,3743
2557,8181
2558,6174
2559,10623
2560,7255
2561,27760
2562,4858
2563,386
2564,7898
2565,21805
2566,6744
2567,21902
2568,5740
2569,2067
2570,15421
2571,6722
2572,26124
2573,5549
2574,4128
2575,4178
2576,22316
2577,538
2578,598
2579,16239
2580,2289
2581,9096
2582,19326
2583,13209
2584,857
2585,17664
2586,17984
2587,8702
2588,24972
2589,29000
2590,5265
2591,3931
2592,13046
2593,20755
2594,6425
2595,9644
2596,4760
2597,5102
2598,5523
2599,4722
2600,2440
2601,28832
2602,24332
2603,17409
2604,5352
2605,8748
2606,15955
2607,7590
2608,11857
2609,3449
2610,16022
2611,23529
2612,1868
2613,712
2614,6542
2615,6283
2616,3406
2617,1215
2618,19307
2619,9268
2620,4385
2621,5701
2622,20517
2623,5015
2624,8105
2625,17073
2626,5371
2627,11595
2628,3197
2629,1749
2630,15134
2631,20226
2632,18004
2633,24763
2634,7848
2635,10093
2636,11056
2637,22090
2638,13894
2639,9345
2640,23672
2641,18204
2642,25403
2643,4656
2644,5701
2645,26480
2646,13709
2647,3495
2648,15224
2649,16648
2650,15104
2651,27357
2652,6788
2653,288
2654,22624
2655,11995
2656,16494
2657,7374
2658,21714
2659,19912
2660,4776
2661,14263
2662,18833
2663,9070
2664,1963
2665,1289
2666,2907
2667,8480
2668,20961
2669,9174
2670,21716
2671,26532
2672,17814
2673,6124
2674,3411
2675,26697
2676,6801
2677,2460
2678,345
2679,15440
2680,24689
2681,608
2682,4524
2683,22853
2684,2501
2685,27949
2686,17654
2687,4530
2688,27935
2689,2560
2690,11076
2691,12962
2692,7484
2693,2372
2694,3250
2695,15287
2696,8979
2697,357
2698,13059
2699,3776
2700,16884
2701,24641
2702,27915
2703,27935
2704,23813
2705,2
2706,10812
2707,18646
2708,15894
2709,27496
2710,15666
2711,17654
2712,4215
2713,20387
2714,28004
2715,13920
2716,11611
2717,21247
2718,159
2719,11921
2720,13277
2721,1544
2722,10497
2723,3078
2724,12312
2725,16820
2726,22128
2727,5361
2728,807
2729,6391
2730,2696
2731,7247
2732,5165
2733,17250
2734,5496
2735,19308
2736,18528
2737,47
2738,2891
2739,19567
2740,27696
2741,27789
2742,12652
2743,27947
2744,26927
2745,22646
2746,11126
2747,4168
2748,1972
2749,3603
2750,1740
2751,24356
2752,3136
2753,9509
2754,867
2755,5648
2756,3354
2757,4035
2758,7502
2759,759
2760,18338
2761,10373
2762,15425
2763,3749
2764,943
2765,2398
2766,10113
2767,5547
2768,4598
2769,4205
2770,2751
2771,25733
2772,7106
2773,7761
2774,14261
2775,11507
2776,9618
2777,20188
2778,3316
2779,7594
2780,2899
2781,3642
2782,10819
2783,1429
2784,16181
2785,4648
2786,5507
2787,24387
2788,2620
2789,18209
2790,5926
2791,5743
2792,17081
2793,18024
2794,10713
2795,24024
2796,4422
2797,24335
2798,1608
2799,1551
2800,10739
2801,425
2802,3105
2803,20197
2804,5527
2805,19651
2806,4658
2807,4358
2808,9488
2809,13354
2810,23699
2811,21827
2812,1747
2813,15885
2814,20319
2815,1186
2816,5064
2817,25359
2818,1099
2819,3855
2820,24561
2821,18201
2822,9000
2823,24979
2824,28915
2825,15
2826,2553
2827,20881
2828,8521
2829,6010
2830,2315
2831,28975
2832,25124
2833,691
2834,1715
2835,5535
2836,13738
2837,2391
2838,4416
2839,9090
2840,15033
2841,7857
2842,21589
2843,28486
2844,11110
2845,19170
2846,5475
2847,3796
2848,28430
2849,22982
2850,13347
2851,1017
2852,5851
2853,12490
2854,3214
2855,23767
2856,21999
2857,4641
2858,9913
2859,3574
2860,1908
2861,4973
2862,7878
2863,29033
2864,5280
2865,25614
2866,19659
2867,17021
2868,23757
2869,828
2870,4708
2871,7775
2872,8014
2873,3450
2874,5424
2875,19974
2876,2881
2877,104
2878,13254
2879,18663
2880,3217
2881,24246
2882,26133
2883,7870
2884,6002
2885,11380
2886,11517
2887,4908
2888,5789
2889,19873
2890,25438
2891,3805
2892,28708
2893,11655
2894,13360
2895,2142
2896,5267
2897,749
2898,2983
2899,5806
2900,24975
2901,26845
2902,1480
2903,7068
2904,8441
2905,28998
2906,19772
2907,11466
2908,8850
2909,4227
2910,15805
2911,12229
2912,8827
2913,22526
2914,12546
2915,4935
2916,13484
2917,4121
2918,10015
2919,11827
2920,20097
2921,26904
2922,26542
2923,26521
2924,16457
2925,4773
2926,8543
2927,12381
2928,22770
2929,11720
2930,25499
2931,5637
2932,25470
2933,3654
2934,7005
2935,21315
2936,27357
2937,5486
2938,2862
2939,14711
2940,19042
2941,20884
2942,18577
2943,403
2944,14939
2945,2820
2946,13295
2947,27147
2948,11933
2949,28230
2950,16515
2951,14938
2952,7126
2953,22342
2954,1506
2955,20444
2956,9396
2957,3284
2958,2717
2959,6540
2960,27780
2961,13857
2962,3423
2963,28866
2964,23672
2965,28358
2966,10134
2967,23721
2968,26927
2969,21520
2970,1905
2971,14827
2972,21239
2973,17780
2974,21239
2975,4488
2976,25668
2977,20653
2978,22449
2979,6820
2980,11968
2981,21840
2982,3104
2983,9561
2984,15643
2985,403
2986,26146
2987,2864
2988,21716
2989,19513
2990,24312
2991,18575
2992,24215
2993,26417
2994,14470
2995,13378
2996,28915
2997,9960
2998,12228
2999,28820
3000,10228
3001,7953
3002,23122
3003,1831
3004,55
3005,14323
3006,1311
3007,17704
3008,24940
3009,7691
3010,11849
3011,3361
3012,16056
3013,20490
3014,7295
3015,13894
3016,24970
3017,841
3018,8755
3019,9143
3020,3895
3021,5402
3022,4402
3023,26427
3024,5962
3025,29103
3026,3850
3027,27560
3028,3425
3029,8294
3030,8180
3031,1603
3032,12080
3033,26428
3034,1914
3035,4900
3036,5968
3037,27530
3038,24783
3039,6676
3040,27373
3041,28448
3042,6540
3043,4174
3044,19336
3045,6200
3046,12003
3047,6139
3048,5267
3049,15254
3050,13535
3051,16466
3052,28183
3053,4089
3054,20653
3055,28610
3056,21072
3057,19434
3058,6119
3059,14370
3060,19007
3061,20744
3062,24488
3063,6433
3064,11706
3065,24234
3066,407
3067,15849
3068,11633
3069,28685
3070,21874
3071,13309
3072,6705
3073,26822
3074,15203
3075,9126
3076,20967
3077,19394
3078,13307
3079,25832
3080,6108
3081,1544
3082,16868
3083,23428
3084,17962
3085,12912
3086,13785
3087,26944
3088,4252
3089,961
3090,3262
3091,23277
3092,13566
3093,24105
3094,23244
3095,13364
3096,7440
3097,25566
3098,1118
3099,3559
3100,19567
3101,755
3102,1158
3103,6391
3104,5703
3105,16767
3106,25829
3107,21374
3108,16641
3109,16256
3110,21951
3111,6893
3112,5701
3113,4096
3114,27147
3115,16635
3116,26715
3117,28072
3118,28232
3119,3165
3120,7115
3121,2936
3122,4451
3123,20958
3124,7043
3125,8454
3126,9652
3127,11148
3128,15172
3129,6479
3130,2815
3131,3308
3132,19917
3133,1903
3134,23192
3135,19513
3136,25666
3137,1893
3138,1420
3139,3195
3140,5508
3141,390
3142,1849
3143,6030
3144,13156
3145,17709
3146,13869
3147,23856
3148,9918
3149,6055
3150,5941
3151,23636
3152,3280
3153,19665
3154,8910
3155,3743
3156,22633
3157,6016
3158,10404
3159,3964
3160,19619
3161,2169
3162,11670
3163,1717
3164,17405
3165,7040
3166,4031
3167,7267
3168,11168
3169,1897
3170,17355
3171,13028
3172,14286
3173,18645
3174,20448
3175,2301
3176,22172
3177,6884
3178,4924
3179,16861
3180,8696
3181,1325
3182,27040
3183,12872
3184,14297
3185,19899
3186,1330
3187,3953
3188,23427
3189,22988
3190,5372
3191,647
3192,27766
3193,1559
3194,10768
3195,23542
3196,12438
3197,24868
3198,17895
3199,11987
3200,24194
3201,2396
3202,3262
3203,3851
3204,7838
3205,4505
3206,19685
3207,10012
3208,28752
3209,4807
3210,8005
3211,6106
3212,3411
3213,8832
3214,1847
3215,10820
3216,23892
3217,19883
3218,6467
3219,1226
3220,3078
3221,4556
3222,28905
3223,22137
3224,16670
3225,7005
3226,3236
3227,6351
3228,17122
3229,5290
3230,9954
3231,6275
3232,966
3233,7354
3234,17431
3235,22770
3236,6449
3237,29029
3238,3514
3239,4450
3240,4661
3241,14710
3242,20715
3243,14419
3244,2963
3245,1874
3246,11230
3247,4734
3248,14402
3249,3893
3250,13395
3251,20679
3252,17627
3253,455
3254,4597
3255,27405
3256,5809
3257,20840
3258,17012
3259,15480
3260,15886
3261,19033
3262,20820
3263,4900
3264,26814
3265,3716
3266,6006
3267,4536
3268,7744
3269,6374
3270,24216
3271,3892
3272,12879
3273,11920
3274,15869
3275,5142
3276,1159
3277,23302
3278,3070
3279,1697
3280,29081
3281,1383
3282,1488
3283,5157
3284,1098
3285,26421
3286,3321
3287,2927
3288,1221
3289,1995
3290,25197
3291,22524
3292,10959
3293,9237
3294,16854
3295,6488
3296,14209
3297,19370
3298,14771
3299,5475
3300,16629
3301,19017
3302,3597
3303,18783
3304,5816
3305,19619
3306,28547
3307,15029
3308,11449
3309,24235
3310,16046
3311,22417
3312,608
3313,7688
3314,25788
3315,23247
3316,13383
3317,28280
3318,23155
3319,12594
3320,23701
3321,5811
3322,12818
3323,4598
3324,21046
3325,17654
3326,17272
3327,16819
3328,23552
3329,5958
3330,16602
3331,457
3332,52
3333,12941
3334,26126
3335,3275
3336,19695
3337,1650
3338,9143
3339,22735
3340,28432
3341,1384
3342,21843
3343,6501
3344,15683
3345,23997
3346,4734
3347,11
3348,12513
3349,28213
3350,23456
3351,5644
3352,16004
3353,8238
3354,2461
3355,4023
3356,16765
3357,25473
3358,26539
3359,2417
3360,4978
3361,24695
3362,1231
3363,17678
3364,19546
3365,13957
3366,21384
3367,15482
3368,10349
3369,25852
3370,19731
3371,27214
3372,28023
3373,11056
3374,9182
3375,6704
3376,13198
3377,16277
3378,13832
3379,16034
3380,3903
3381,21337
3382,12858
3383,488
3384,27740
3385,16531
3386,19102
3387,4340
3388,4554
3389,3927
3390,5374
3391,4034
3392,18246
3393,18788
3394,21690
3395,26418
3396,2783
3397,1328
3398,22866
3399,1337
3400,4738
3401,9235
3402,15203
3403,28995
3404,787
3405,18522
3406,5085
3407,27187
3408,12124
3409,28593
3410,28
3411,13723
3412,16155
3413,16415
3414,623
3415,28712
3416,3389
3417,27452
3418,17632
3419,5980
3420,7316
3421,10486
3422,2881
3423,29013
3424,16516
3425,18108
3426,28642
3427,7852
3428,4072
3429,815
3430,413
3431,2529
3432,14511
3433,22504
3434,3797
3435,23253
3436,9980
3437,20290
3438,8353
3439,12420
3440,12881
3441,4089
3442,2061
3443,26677
3444,1575
3445,10153
3446,10871
3447,8991
3448,5729
3449,20878
3450,5290
3451,28898
3452,710
3453,18581
3454,7751
3455,608
3456,28222
3457,7295
3458,25121
3459,12051
3460,1726
3461,16582
3462,18641
3463,15959
3464,6359
3465,4892
3466,5059
3467,175
3468,18581
3469,1939
3470,1076
3471,1640
3472,2928
3473,10333
3474,569
3475,15959
3476,4225
3477,1631
3478,27935
3479,3675
3480,26424
3481,2685
3482,505
3483,255
3484,3061
3485,3787
3486,1360
3487,148
3488,24665
3489,9527
3490,22185
3491,628
3492,5980
3493,5667
3494,24128
3495,526
3496,27316
3497,7196
3498,1675
3499,928
3500,29117
3501,3311
3502,4125
3503,4142
3504,5106
3505,1649
3506,6219
3507,3990
3508,3326
3509,23652
3510,4339
3511,21589
3512,21313
3513,11422
3514,12916
3515,6030
3516,10138
3517,1774
3518,28064
3519,5584
3520,26592
3521,12700
3522,1886
3523,5584
3524,16149
3525,26548
3526,18463
3527,327
3528,19398
3529,28565
3530,8014
3531,7198
3532,24119
3533,27100
3534,23611
3535,3319
3536,27306
3537,9209
3538,11433
3539,8443
3540,19987
3541,15194
3542,13807
3543,257
3544,6404
3545,25881
3546,239
3547,15159
3548,3693
3549,23529
3550,402
3551,21589
3552,16073
3553,11754
3554,8722
3555,4638
3556,1545
3557,7546
3558,29003
3559,6662
3560,28279
3561,7552
3562,3272
3563,14941
3564,1878
3565,6249
3566,25231
3567,16526
3568,7968
3569,28401
3570,24571
3571,8866
3572,13983
3573,14399
3574,4007
3575,28085
3576,26395
3577,20221
3578,20932
3579,4404
3580,8042
3581,5774
3582,23529
3583,26126
3584,17650
3585,201
3586,15000
3587,11252
3588,15855
3589,5570
3590,1410
3591,1790
3592,23903
3593,18991
3594,24524
3595,26042
3596,4944
3597,10428
3598,26949
3599,21164
3600,3350
3601,14657
3602,5740
3603,17696
3604,5583
3605,28592
3606,17654
3607,1050
3608,18424
3609,314
3610,18467
3611,17218
3612,1943
3613,18584
3614,704
3615,2185
3616,4024
3617,9713
3618,1393
3619,20216
3620,27113
3621,2357
3622,2903
3623,15672
3624,641
3625,28349
3626,2327
3627,5338
3628,8786
3629,8192
3630,24270
3631,1187
3632,9138
3633,9734
3634,6009
3635,11869
3636,17514
3637,5365
3638,4399
3639,5727
3640,45
3641,27354
3642,10238
3643,13276
3644,963
3645,19936
3646,224
3647,21976
3648,13637
3649,10575
3650,27089
3651,3180
3652,13627
3653,2907
3654,15499
3655,19427
3656,1889
3657,21537
3658,24963
3659,2306
3660,5945
3661,1504
3662,1060
3663,21874
3664,18581
3665,10322
3666,653
3667,20338
3668,4399
3669,15446
3670,8406
3671,28263
3672,19735
3673,11944
3674,5289
3675,13241
3676,25134
3677,12545
3678,29017
3679,26935
3680,3855
3681,554
3682,2310
3683,12350
3684,8348
3685,868
3686,5475
3687,9323
3688,21308
3689,20997
3690,11760
3691,22531
3692,25442
3693,27349
3694,27753
3695,1480
3696,22822
3697,4191
3698,7199
3699,16580
3700,22913
3701,26146
3702,98
3703,25524
3704,23277
3705,3379
3706,4935
3707,13918
3708,18830
3709,4052
3710,11628
3711,26595
3712,15539
3713,16640
3714,14564
3715,5740
3716,15555
3717,7365
3718,23021
3719,13165
3720,10126
3721,17867
3722,5422
3723,19553
3724,5224
3725,7217
3726,13955
3727,3218
3728,2580
3729,21186
3730,16713
3731,24719
3732,6108
3733,21987
3734,9010
3735,15949
3736,4271
3737,28708
3738,16428
3739,25913
3740,23554
3741,6323
3742,9428
3743,14964
3744,4288
3745,12279
3746,1128
3747,4840
3748,20991
3749,6363
3750,4720
3751,24060
3752,27546
3753,21986
3754,18383
3755,26121
3756,25480
3757,27863
3758,1776
3759,7352
3760,12593
3761,9475
3762,17168
3763,10870
3764,4218
3765,486
3766,3907
3767,2443
3768,20489
3769,3746
3770,13309
3771,8198
3772,14741
3773,4154
3774,16358
3775,21229
3776,25262
3777,27665
3778,12442
3779,5182
3780,9796
3781,19404
3782,13960
3783,11357
3784,3251
3785,6063
3786,4030
3787,26917
3788,24233
3789,20665
3790,345
3791,4143
3792,19496
3793,15292
3794,25984
3795,20815
3796,29058
3797,1841
3798,10499
3799,27562
3800,17339
3801,20345
3802,3510
3803,10272
3804,6910
3805,7702
3806,27709
3807,18300
3808,11933
3809,21780
3810,4451
3811,5585
3812,11368
3813,5161
3814,18655
3815,12788
3816,22538
3817,11938
3818,9409
3819,28106
3820,466
3821,6265
3822,187
3823,16077
3824,688
3825,5044
3826,8721
3827,745
3828,12616
3829,27990
3830,19851
3831,26030
3832,2136
3833,22735
3834,2418
3835,15150
3836,2713
3837,22260
3838,26710
3839,24890
3840,24516
3841,21298
3842,5890
3843,4654
3844,10723
3845,2762
3846,9618
3847,7658
3848,23944
3849,25436
3850,14759
3851,3429
3852,23833
3853,25973
3854,28213
3855,25084
3856,20248
3857,1006
3858,1886
3859,9476
3860,24617
3861,3135
3862,12593
3863,2501
3864,3546
3865,24041
3866,2965
3867,13298
3868,26715
3869,24504
3870,3580
3871,21374
3872,2694
3873,11530
3874,17891
3875,4382
3876,2522
3877,3709
3878,5682
3879,3830
3880,27700
3881,17846
3882,11443
3883,2730
3884,26295
3885,8074
3886,4649
3887,28592
3888,22541
3889,7996
3890,19115
3891,28770
3892,641
3893,16551
3894,6272
3895,12742
3896,749
3897,28519
3898,14246
3899,27040
3900,19900
3901,28032
3902,5866
3903,23953
3904,23159
3905,928
3906,3612
3907,6151
3908,3078
3909,2973
3910,867
3911,2275
3912,13032
3913,2638
3914,9060
3915,23092
3916,4434
3917,8833
3918,21107
3919,18567
3920,1340
3921,10771
3922,8871
3923,28693
3924,26599
3925,23393
3926,4095
3927,9657
3928,20580
3929,13364
3930,6162
3931,5114
3932,17136
3933,6213
3934,9757
3935,28832
3936,14978
3937,16948
3938,27594
3939,16920
3940,28900
3941,5223
3942,299
3943,11068
3944,20886
3945,12560
3946,24660
3947,927
3948,14050
3949,14504
3950,21518
3951,3872
3952,14425
3953,5509
3954,19092
3955,1949
3956,7957
3957,18608
3958,11818
3959,7607
3960,8702
3961,6750
3962,2288
3963,3852
3964,2398
3965,14475
3966,7292
3967,23939
3968,3751
3969,23419
3970,14912
3971,14821
3972,4820
3973,7354
3974,23011
3975,21588
3976,22622
3977,11030
3978,24062
3979,2920
3980,26729
3981,24505
3982,9453
3983,722
3984,15968
3985,3786
3986,27544
3987,27952
3988,3762
3989,1578
3990,10149
3991,15391
3992,12683
3993,25162
3994,14905
3995,5962
3996,28025
3997,10159
3998,25913
3999,674
4000,6435
4001,5352
4002,8770
4003,3463
4004,25343
4005,5436
4006,11552
4007,3563
4008,23813
4009,4268
4010,4014
4011,16581
4012,12473
4013,7425
4014,22849
4015,478
4016,26257
4017,8234
4018,3779
4019,13366
4020,7213
4021,3550
4022,9519
4023,25247
4024,19918
4025,5060
4026,11208
4027,20950
4028,3939
4029,3705
4030,24116
4031,1057
4032,23332
4033,28007
4034,759
4035,757
4036,4883
4037,20266
4038,25805
4039,20425
4040,110
4041,17328
4042,4156
4043,1886
4044,14255
4045,27365
4046,18102
4047,1245
4048,295
4049,2665
4050,18789
4051,16314
4052,5267
4053,20691
4054,8950
4055,28096
4056,17932
4057,10092
4058,4819
4059,3776
4060,15375
4061,1317
4062,664
4063,8109
4064,22699
4065,28380
4066,11242
4067,22197
4068,537
4069,6513
4070,23520
4071,26206
4072,9143
4073,11665
4074,18969
4075,4212
4076,15227
4077,3014
4078,5771
4079,19016
4080,5577
4081,9713
4082,5765
4083,26109
4084,7585
4085,635
4086,24299
4087,12009
4088,18006
4089,15461
4090,24945
4091,6159
4092,8453
4093,5747
4094,7347
4095,5980
4096,8571
4097,22739
4098,23105
4099,1571
4100,23861
4101,4346
4102,21627
4103,854
4104,28858
4105,14813
4106,2264
4107,13570
4108,572
4109,28231
4110,14040
4111,12314
4112,9337
4113,21732
4114,7823
4115,4228
4116,23807
4117,9606
4118,1861
4119,5959
4120,13889
4121,4538
4122,11516
4123,27349
4124,20042
4125,5980
4126,10155
4127,11041
4128,12725
4129,12054
4130,16887
4131,5882
4132,17111
4133,13465
4134,22025
4135,25737
4136,16508
4137,17709
4138,5508
4139,18699
4140,11570
4141,23834
4142,27458
4143,11671
4144,9263
4145,5102
4146,28992
4147,16168
4148,5265
4149,19122
4150,27995
4151,16797
4152,27056
4153,5237
4154,13054
4155,1261
4156,19713
4157,2827
4158,10326
4159,24543
4160,24419
4161,15031
4162,11767
4163,29067
4164,13709
4165,12570
4166,18238
4167,22422
4168,4496
4169,19848
4170,2029
4171,4187
4172,10073
4173,13016
4174,6110
4175,3262
4176,24881
4177,5904
4178,927
4179,26682
4180,24628
4181,1037
4182,15322
4183,11485
4184,9889
4185,20136
4186,18344
4187,13574
4188,8718
4189,27574
4190,28366
4191,11062
4192,27439
4193,5606
4194,2092
4195,10004
4196,23988
4197,18234
4198,5904
4199,19299
4200,21501
4201,21418
4202,7880
4203,20519
4204,23703
4205,24974
4206,8815
4207,5627
4208,13591
4209,7719
4210,1134
4211,6466
4212,2844
4213,22574
4214,2398
4215,19488
4216,22141
4217,16690
4218,3764
4219,5699
4220,17165
4221,8005
4222,21813
4223,396
4224,4987
4225,332
4226,17790
4227,24923
4228,18825
4229,2468
4230,6523
4231,13669
4232,2398
4233,24353
4234,28124
4235,2388
4236,9521
4237,15446
4238,22122
4239,840
4240,1605
4241,16472
4242,3432
4243,25939
4244,21003
4245,3120
4246,22565
4247,7219
4248,10616
4249,372
4250,13136
4251,18024
4252,1575
4253,22545
4254,2242
4255,7234
4256,25869
4257,13365
4258,17260
4259,11101
4260,405
4261,23940
4262,23701
4263,17006
4264,5290
4265,3796
4266,18460
4267,9026
4268,3508
4269,2694
4270,5680
4271,14949
4272,25892
4273,5241
4274,199
4275,26585
4276,20046
4277,3883
4278,1068
4279,20630
4280,18342
4281,7035
4282,9210
4283,18396
4284,1208
4285,18016
4286,17022
4287,4092
4288,7919
4289,5475
4290,6493
4291,22093
4292,6068
4293,9940
4294,3987
4295,6953
4296,14696
4297,9950
4298,966
4299,21907
4300,23907
4301,3061
4302,11823
4303,223
4304,11919
4305,20282
4306,28377
4307,2529
4308,321
4309,15357
4310,10670
4311,19650
4312,19253
4313,1370
4314,22012
4315,17295
4316,25351
4317,19261
4318,6213
4319,5688
4320,1466
4321,5471
4322,3460
4323,1566
4324,20632
4325,19351
4326,21935
4327,2372
4328,25120
4329,6190
4330,5751
4331,16917
4332,6110
4333,1880
4334,13580
4335,470
4336,26187
4337,13751
4338,1226
4339,22705
4340,6364
4341,15163
4342,24258
4343,18297
4344,13579
4345,19873
4346,15152
4347,4541
4348,20493
4349,360
4350,19276
4351,25954
4352,12750
4353,17872
4354,9143
4355,5163
4356,3937
4357,861
4358,4210
4359,5290
4360,23755
4361,22028
4362,19370
4363,17954
4364,8814
4365,7290
4366,21986
4367,11775
4368,13376
4369,9246
4370,15709
4371,25436
4372,16904
4373,24299
4374,3195
4375,619
4376,9008
4377,11757
4378,16961
4379,11106
4380,1790
4381,10240
4382,6414
4383,4216
4384,26585
4385,5873
4386,26768
4387,12459
4388,18054
4389,3423
4390,16094
4391,6311
4392,24710
4393,8074
4394,16302
4395,14266
4396,23892
4397,816
4398,6604
4399,464
4400,4304
4401,22185
4402,28289
4403,28732
4404,29
4405,2398
4406,7789
4407,4975
4408,17921
4409,4770
4410,8770
4411,22941
4412,28063
4413,16570
4414,10429
4415,4186
4416,4837
4417,7091
4418,27473
4419,23748
4420,4242
4421,14985
4422,20595
4423,11715
4424,25343
4425,21141
4426,6836
4427,1926
4428,5705
4429,24771
4430,3492
4431,8230
4432,3179
4433,27853
4434,19737
4435,7181
4436,6131
4437,9356
4438,5894
4439,28529
4440,23903
4441,8138
4442,24645
4443,17021
4444,4654
4445,22647
4446,21201
4447,25888
4448,13221
4449,14665
4450,3239
4451,772
4452,12145
4453,26109
4454,3472
4455,2195
4456,24314
4457,5190
4458,6584
4459,22507
4460,10603
4461,16088
4462,2433
4463,6391
4464,23453
4465,8564
4466,11
4467,27718
4468,6064
4469,3737
4470,3944
4471,5157
4472,9389
4473,22801
4474,14050
4475,3194
4476,4897
4477,4597
4478,6768
4479,21030
4480,23452
4481,20845
4482,20248
4483,15062
4484,23264
4485,19114
4486,1323
4487,8178
4488,11115
4489,5359
4490,28749
4491,20539
4492,7933
4493,16598
4494,3424
4495,6308
4496,7378
4497,20586
4498,12171
4499,4696
4500,14981
4501,256
4502,8968
4503,26831
4504,2153
4505,18896
4506,11368
4507,14065
4508,5988
4509,22624
4510,25946
4511,17116
4512,13169
4513,13293
4514,1360
4515,21196
4516,9114
4517,28448
4518,8041
4519,3763
4520,21025
4521,13470
4522,2751
4523,167
4524,5779
4525,8834
4526,27030
4527,17344
4528,19057
4529,20897
4530,14974
4531,22530
4532,24951
4533,1505
4534,1349
4535,1904
4536,4391
4537,18727
4538,21836
4539,689
4540,24165
4541,20707
4542,18067
4543,17797
4544,5903
4545,24975
4546,13172
4547,7485
4548,2684
4549,4208
4550,23121
4551,5774
4552,23982
4553,5958
4554,24369
4555,3638
4556,1439
4557,3229
4558,24216
4559,14901
4560,22224
4561,7213
4562,28111
4563,1571
4564,25176
4565,12681
4566,1013
4567,24794
4568,14508
4569,3092
4570,5542
4571,2054
4572,12862
4573,18722
4574,535
4575,204
4576,21958
4577,2537
4578,12486
4579,6088
4580,19637
4581,5227
4582,1515
4583,124
4584,2696
4585,8192
4586,9704
4587,14103
4588,17515
4589,1875
4590,22150
4591,5165
4592,4745
4593,10263
4594,25554
4595,24521
4596,4850
4597,6521
4598,1132
4599,27029
4600,6010
4601,27241
4602,21363
4603,1759
4604,925
4605,6145
4606,2242
4607,21886
4608,6398
4609,7144
4610,13426
4611,19896
4612,14341
4613,1106
4614,19454
4615,3102
4616,19050
4617,20692
4618,2372
4619,16475
4620,20455
4621,16238
4622,16426
4623,3359
4624,11776
4625,28237
4626,4016
4627,9594
4628,10136
4629,21827
4630,25351
4631,23658
4632,13853
4633,14952
4634,25764
4635,4820
4636,1790
4637,3200
4638,1231
4639,25340
4640,23692
4641,8593
4642,4744
4643,10148
4644,12204
4645,24104
4646,4204
4647,15744
4648,928
4649,8828
4650,6948
4651,22789
4652,12875
4653,10029
4654,4215
4655,22396
4656,1775
4657,3472
4658,16602
4659,14112
4660,6223
4661,5259
4662,10565
4663,759
4664,20836
4665,3574
4666,5968
4667,13518
4668,1960
4669,23300
4670,9026
4671,26695
4672,14015
4673,27272
4674,17008
4675,22753
4676,4069
4677,28790
4678,21000
4679,26165
4680,12692
4681,3280
4682,11350
4683,21948
4684,21841
4685,12630
4686,23442
4687,1961
4688,3028
4689,10228
4690,14113
4691,1756
4692,17561
4693,18558
4694,14043
4695,893
4696,11723
4697,26433
4698,3297
4699,22137
4700,9888
4701,21785
4702,1198
4703,1326
4704,14425
4705,4098
4706,4597
4707,2560
4708,7877
4709,25408
4710,3640
4711,26102
4712,25823
4713,11649
4714,2553
4715,22517
4716,29104
4717,25027
4718,5584
4719,13516
4720,26355
4721,7223
4722,18090
4723,3075
4724,626
4725,17654
4726,21423
4727,22048
4728,27700
4729,5381
4730,21829
4731,11247
4732,16195
4733,12975
4734,22786
4735,19986
4736,17921
4737,16118
4738,8989
4739,11769
4740,6315
4741,27606
4742,26877
4743,16125
4744,6910
4745,10612
4746,2751
4747,8907
4748,13376
4749,23727
4750,5136
4751,5787
4752,20859
4753,24462
4754,23277
4755,17984
4756,6002
4757,25982
4758,3329
4759,9818
4760,29019
4761,4661
4762,15965
4763,23234
4764,11649
4765,28432
4766,11209
4767,10942
4768,13546
4769,17813
4770,968
4771,1580
4772,21824
4773,17458
4774,18802
4775,18027
4776,26828
4777,13122
4778,3514
4779,3883
4780,1526
4781,199
4782,19335
4783,815
4784,10565
4785,21107
4786,10077
4787,3152
4788,16933
4789,1249
4790,2914
4791,10391
4792,2185
4793,11358
4794,18041
4795,3358
4796,26192
4797,5945
4798,2892
4799,23479
4800,15515
4801,1806
4802,1159
4803,16660
4804,438
4805,19695
4806,23070
4807,503
4808,9743
4809,11128
4810,15067
4811,5358
4812,10317
4813,19858
4814,12235
4815,6783
4816,16492
4817,2916
4818,12517
4819,4372
4820,14351
4821,19911
4822,18929
4823,25465
4824,14436
4825,2945
4826,18054
4827,165
4828,2398
4829,24606
4830,7146
4831,19775
4832,15890
4833,9334
4834,4250
4835,5061
4836,13558
4837,18576
4838,4419
4839,8373
4840,2762
4841,11456
4842,1772
4843,799
4844,13081
4845,20660
4846,13627
4847,7032
4848,16004
4849,26099
4850,4186
4851,2102
4852,1585
4853,815
4854,10412
4855,9267
4856,4519
4857,2158
4858,21639
4859,14012
4860,24834
4861,12357
4862,5507
4863,7807
4864,7607
4865,8581
4866,3039
4867,5199
4868,4839
4869,6562
4870,20365
4871,11374
4872,3377
4873,26718
4874,6752
4875,27061
4876,963
4877,24222
4878,19436
4879,18135
4880,466
4881,810
4882,16456
4883,18198
4884,17726
4885,10524
4886,10959
4887,17453
4888,3714
4889,5272
4890,20840
4891,23745
4892,28841
4893,16343
4894,3326
4895,19171
4896,20498
4897,17138
4898,7940
4899,9963
4900,27020
4901,21206
4902,10029
4903,12030
4904,3365
4905,16157
4906,20323
4907,3959
4908,11891
4909,24827
4910,2795
4911,11378
4912,23257
4913,24494
4914,15530
4915,7092
4916,20776
4917,18429
4918,28034
4919,14852
4920,18295
4921,10226
4922,15879
4923,5509
4924,27458
4925,1790
4926,14369
4927,27042
4928,2963
4929,1582
4930,22983
4931,21827
4932,16824
4933,15959
4934,4460
4935,2060
4936,1713
4937,9221
4938,8551
4939,724
4940,12721
4941,4470
4942,5267
4943,11275
4944,25989
4945,13747
4946,6525
4947,20718
4948,1757
4949,17624
4950,3894
4951,12227
4952,88
4953,27614
4954,2993
4955,16881
4956,13842
4957,11061
4958,11991
4959,15409
4960,16898
4961,1495
4962,15254
4963,27520
4964,19287
4965,13326
4966,11193
4967,3510
4968,8970
4969,22043
4970,2495
4971,6465
4972,18645
4973,27408
4974,7239
4975,25968
4976,1695
4977,4267
4978,14140
4979,6404
4980,14946
4981,20505
4982,28771
4983,3587
4984,4310
4985,15338
4986,21995
4987,19471
4988,3180
4989,18024
4990,28711
4991,15820
4992,20872
4993,12479
4994,19605
4995,1021
4996,25478
4997,23055
4998,16512
4999,17644
5000,5894
5001,1050
5002,26699
5003,22014
5004,6746
5005,22656
5006,4013
5007,5354
5008,20400
5009,1544
5010,22057
5011,18861
5012,26944
5013,19444
5014,19449
5015,4975
5016,18645
5017,24207
5018,5390
5019,16685
5020,5945
5021,25676
5022,5553
5023,24029
5024,5010
5025,27448
5026,25789
5027,5926
5028,1429
5029,10788
5030,21229
5031,28652
5032,24322
5033,27652
5034,13036
5035,1708
5036,1928
5037,6456
5038,18149
5039,1470
5040,16692
5041,28570
5042,8974
5043,25386
5044,18539
5045,15730
5046,23047
5047,24731
5048,18311
5049,17928
5050,17095
5051,23355
5052,12513
5053,26615
5054,4978
5055,926
5056,1766
5057,11104
5058,5213
5059,17153
5060,8756
5061,21301
5062,1435
5063,17514
5064,11748
5065,9484
5066,7987
5067,28727
5068,1145
5069,3116
5070,21532
5071,8402
5072,9144
5073,7988
5074,26791
5075,4134
5076,23793
5077,6361
5078,3164
5079,7427
5080,6726
5081,23798
5082,1091
5083,21078
5084,8381
5085,25519
5086,7240
5087,14076
5088,28102
5089,17700
5090,17654
5091,21229
5092,18182
5093,28093
5094,10795
5095,12028
5096,26960
5097,21110
5098,13304
5099,5881
5100,6250
5101,6713
5102,5392
5103,15210
5104,14604
5105,22474
5106,21181
5107,10291
5108,21388
5109,6752
5110,28700
5111,10974
5112,28325
5113,15711
5114,10842
5115,4774
5116,3166
5117,5165
5118,3280
5119,7729
5120,15163
5121,2989
5122,16516
5123,2625
5124,25138
5125,25312
5126,7159
5127,28044
5128,20191
5129,24497
5130,5904
5131,3316
5132,2571
5133,18025
5134,16002
5135,18566
5136,20024
5137,14367
5138,1566
5139,18094
5140,2655
5141,25972
5142,4618
5143,12616
5144,9100
5145,3126
5146,23236
5147,17544
5148,9268
5149,7367
5150,8608
5151,4780
5152,27798
5153,16290
5154,7679
5155,8199
5156,4499
5157,15355
5158,10193
5159,26136
5160,2674
5161,16315
5162,3877
5163,20991
5164,4935
5165,20562
5166,8416
5167,3621
5168,8916
5169,11147
5170,3850
5171,4495
5172,6672
5173,18289
5174,22848
5175,1630
5176,1458
5177,3702
5178,12119
5179,1068
5180,3776
5181,12832
5182,137
5183,11582
5184,4933
5185,24605
5186,27807
5187,2517
5188,5945
5189,8556
5190,14301
5191,16210
5192,28675
5193,14965
5194,4079
5195,28608
5196,20839
5197,4704
5198,73
5199,8264
5200,19307
5201,9631
5202,19082
5203,3856
5204,6830
5205,6833
5206,19591
5207,43
5208,20345
5209,4201
5210,2274
5211,9833
5212,14076
5213,8642
5214,20838
5215,3258
5216,21974
5217,20202
5218,9652
5219,8032
5220,12632
5221,25113
5222,27023
5223,3612
5224,22323
5225,23366
5226,24782
5227,17001
5228,19144
5229,6372
5230,12732
5231,22830
5232,15639
5233,25045
5234,20565
5235,22780
5236,27812
5237,12248
5238,25752
5239,1266
5240,13913
5241,20135
5242,5940
5243,15763
5244,25584
5245,24408
5246,13405
5247,21919
5248,27766
5249,26406
5250,26638
5251,1790
5252,11015
5253,243
5254,6262
5255,15675
5256,2085
5257,15574
5258,3055
5259,14669
5260,25662
5261,26534
5262,1930
5263,11823
5264,6620
5265,16846
5266,28731
5267,2445
5268,28678
5269,11984
5270,7965
5271,4380
5272,1939
5273,12028
5274,12585
5275,25522
5276,6423
5277,13151
5278,1861
5279,9766
5280,7173
5281,4191
5282,7947
5283,13864
5284,21000
5285,2061
5286,6350
5287,1114
5288,9527
5289,4920
5290,26269
5291,6671
5292,13975
5293,15863
5294,23529
5295,20024
5296,28580
5297,1260
5298,5911
5299,5010
5300,24779
5301,306
5302,13426
5303,10840
5304,4883
5305,20329
5306,1995
5307,2845
5308,20741
5309,990
5310,1378
5311,1023
5312,3609
5313,27935
5314,25079
5315,5475
5316,20220
5317,15184
5318,27706
5319,20195
5320,1307
5321,11451
5322,25000
5323,19357
5324,1229
5325,17943
5326,15791
5327,23380
5328,2631
5329,1261
5330,17607
5331,7306
5332,928
5333,17415
5334,41
5335,23497
5336,28726
5337,27601
5338,12656
5339,13677
5340,13658
5341,15372
5342,131
5343,10713
5344,25692
5345,9698
5346,10101
5347,20809
5348,5428
5349,19334
5350,2325
5351,11010
5352,6363
5353,8867
5354,15555
5355,10244
5356,7801
5357,26319
5358,10758
5359,4218
5360,4630
5361,450
5362,4633
5363,19713
5364,18712
5365,3168
5366,514
5367,25081
5368,17702
5369,6
5370,16256
5371,3316
5372,26084
5373,21564
5374,4502
5375,15133
5376,15817
5377,2903
5378,6745
5379,20019
5380,16196
5381,3403
5382,27964
5383,4439
5384,25897
5385,21626
5386,14939
5387,22392
5388,2864
5389,22759
5390,20441
5391,3273
5392,13500
5393,15849
5394,4613
5395,28075
5396,22366
5397,14622
5398,6695
5399,5297
5400,22392
5401,5680
5402,9718
5403,18024
5404,4946
5405,6864
5406,23143
5407,12002
5408,26135
5409,2478
5410,24403
5411,7911
5412,12587
5413,16976
5414,4283
5415,22482
5416,19291
5417,4551
5418,14688
5419,26539
5420,21199
5421,2495
5422,22959
5423,3463
5424,1841
5425,22218
5426,5938
5427,8344
5428,18702
5429,446
5430,14462
5431,14002
5432,4635
5433,21467
5434,3532
5435,21707
5436,12792
5437,21406
5438,6262
5439,1813
5440,6308
5441,463
5442,10872
5443,16486
5444,21363
5445,7574
5446,27915
5447,4212
5448,16103
5449,13999
5450,19346
5451,27766
5452,21610
5453,927
5454,5895
5455,7016
5456,722
5457,22422
5458,11627
5459,2489
5460,19030
5461,20847
5462,892
5463,10399
5464,25104
5465,9490
5466,20529
5467,24029
5468,12579
5469,12882
5470,13678
5471,27147
5472,288
5473,5989
5474,21714
5475,11747
5476,16216
5477,5391
5478,23439
5479,18
5480,25414
5481,2601
5482,7898
5483,1067
5484,3516
5485,6575
5486,28103
5487,23264
5488,10212
5489,14252
5490,3411
5491,18994
5492,23833
5493,246
5494,15485
5495,14582
5496,6836
5497,18879
5498,25665
5499,14599
5500,3632
5501,12626
5502,8778
5503,7057
5504,16491
5505,24057
5506,11676
5507,343
5508,21498
5509,20124
5510,27977
5511,26287
5512,2815
5513,25574
5514,20240
5515,14204
5516,23628
5517,2315
5518,28745
5519,25836
5520,19977
5521,26103
5522,13237
5523,6383
5524,3225
5525,10483
5526,13392
5527,6743
5528,19659
5529,8141
5530,20647
5531,2836
5532,20127
5533,4697
5534,22128
5535,21627
5536,1636
5537,24430
5538,5627
5539,10052
5540,27642
5541,6378
5542,21552
5543,1438
5544,4300
5545,4972
5546,23057
5547,12258
5548,2288
5549,9152
5550,4226
5551,13688
5552,9476
5553,24526
5554,714
5555,10998
5556,928
5557,22034
5558,24412
5559,8467
5560,13365
5561,16486
5562,8933
5563,5360
5564,8021
5565,21385
5566,7415
5567,23439
5568,10072
5569,9043
5570,6384
5571,8490
5572,2708
5573,8685
5574,21071
5575,25806
5576,16120
5577,11177
5578,4097
5579,24832
5580,19175
5581,14782
5582,17072
5583,21807
5584,27229
5585,2112
5586,19957
5587,14880
5588,3281
5589,6826
5590,25259
5591,19011
5592,3799
5593,27515
5594,29044
5595,708
5596,7167
5597,24244
5598,1988
5599,25702
5600,5753
5601,23419
5602,2356
5603,4404
5604,14431
5605,26538
5606,9774
5607,16466
5608,4617
5609,21548
5610,20517
5611,23847
5612,1628
5613,12990
5614,6308
5615,28940
5616,964
5617,13159
5618,37
5619,22080
5620,18991
5621,19713
5622,15300
5623,18412
5624,45
5625,2253
5626,6221
5627,27799
5628,2854
5629,5930
5630,14058
5631,6772
5632,8802
5633,4094
5634,9849
5635,2459
5636,19829
5637,3329
5638,863
5639,28145
5640,2092
5641,9642
5642,19549
5643,13426
5644,10007
5645,6604
5646,12905
5647,24848
5648,7714
5649,20533
5650,25882
5651,9796
5652,13482
5653,25967
5654,18865
5655,6575
5656,3588
5657,3792
5658,5996
5659,28242
5660,5031
5661,1775
5662,4373
5663,28285
5664,15622
5665,7216
5666,1626
5667,7261
5668,25640
5669,3744
5670,4455
5671,12832
5672,22006
5673,7013
5674,27841
5675,3317
5676,22090
5677,15554
5678,14344
5679,20499
5680,8239
5681,17374
5682,4235
5683,28455
5684,19307
5685,1538
5686,6861
5687,21517
5688,1761
5689,4894
5690,22597
5691,25966
5692,23075
5693,7394
5694,343
5695,7568
5696,4328
5697,756
5698,23430
5699,5951
5700,5931
5701,21633
5702,27766
5703,2815
5704,16238
5705,22597
5706,27280
5707,13338
5708,28269
5709,26866
5710,6404
5711,5789
5712,581
5713,17654
5714,1056
5715,2752
5716,9193
5717,8705
5718,4814
5719,8916
5720,13588
5721,27554
5722,5471
5723,13707
5724,8353
5725,28819
5726,2930
5727,14151
5728,8152
5729,14050
5730,2956
5731,6336
5732,18925
5733,5059
5734,27592
5735,450
5736,17579
5737,11558
5738,4649
5739,16084
5740,6359
5741,20371
5742,1448
5743,14808
5744,21711
5745,22366
5746,28759
5747,7694
5748,24334
5749,2039
5750,18318
5751,8
5752,11771
5753,24237
5754,20922
5755,25977
5756,2341
5757,22774
5758,18686
5759,19595
5760,28998
5761,7365
5762,14710
5763,3595
5764,69
5765,716
5766,23452
5767,17458
5768,27710
5769,7354
5770,19846
5771,3855
5772,5317
5773,7837
5774,3273
5775,1060
5776,14425
5777,6455
5778,20598
5779,28503
5780,5010
5781,26860
5782,9960
5783,6303
5784,23452
5785,2154
5786,10705
5787,17731
5788,17668
5789,6949
5790,337
5791,1792
5792,17992
5793,1640
5794,19185
5795,2398
5796,18054
5797,1702
5798,5148
5799,6353
5800,2780
5801,28936
5802,5598
5803,22983
5804,11479
5805,15676
5806,18066
5807,5358
5808,10682
5809,16358
5810,24995
5811,5227
5812,10940
5813,3207
5814,24430
5815,26706
5816,23552
5817,26628
5818,26312
5819,16361
5820,26389
5821,2402
5822,16255
5823,13878
5824,29055
5825,16909
5826,8145
5827,21363
5828,21049
5829,5010
5830,5334
5831,12616
5832,1104
5833,14601
5834,544
5835,3229
5836,26118
5837,27590
5838,12933
5839,1038
5840,13154
5841,15792
5842,178
5843,25319
5844,201
5845,25630
5846,28124
5847,11176
5848,6253
5849,22734
5850,9263
5851,28208
5852,23463
5853,816
5854,486
5855,20611
5856,2342
5857,1038
5858,3225
5859,7652
5860,3016
5861,3883
5862,9026
5863,24372
5864,10538
5865,11911
5866,24056
5867,197
5868,9752
5869,20664
5870,4457
5871,14493
5872,3391
5873,27395
5874,7260
5875,4295
5876,9263
5877,22213
5878,27039
5879,1727
5880,13358
5881,14011
5882,15098
5883,7934
5884,2836
5885,1646
5886,24731
5887,8780
5888,23597
5889,677
5890,28
5891,2441
5892,2604
5893,27476
5894,1021
5895,5095
5896,8106
5897,12658
5898,9508
5899,2386
5900,1545
5901,24391
5902,22603
5903,24830
5904,21105
5905,29003
5906,14734
5907,7336
5908,146
5909,21818
5910,16229
5911,7022
5912,16712
5913,24258
5914,6462
5915,11607
5916,22629
5917,27384
5918,11255
5919,28193
5920,4402
5921,26845
5922,18467
5923,22804
5924,5873
5925,4505
5926,23301
5927,3049
5928,22669
5929,2821
5930,24820
5931,1360
5932,22176
5933,1591
5934,7071
5935,5020
5936,6315
5937,24763
5938,25513
5939,3164
5940,3587
5941,2282
5942,26725
5943,14041
5944,18257
5945,1995
5946,24705
5947,26412
5948,5473
5949,13903
5950,19323
5951,27674
5952,2111
5953,17423
5954,14371
5955,5473
5956,18459
5957,18311
5958,7802
5959,15613
5960,28867
5961,11588
5962,6978
5963,2696
5964,18423
5965,5290
5966,27067
5967,11927
5968,20227
5969,25595
5970,6741
5971,3819
5972,16000
5973,12975
5974,23404
5975,2679
5976,24520
5977,24789
5978,5157
5979,12593
5980,930
5981,5945
5982,22934
5983,26413
5984,14534
5985,12891
5986,4701
5987,18601
5988,4834
5989,11484
5990,2085
5991,9993
5992,4257
5993,5968
5994,11368
5995,3782
5996,1067
5997,4604
5998,9609
5999,17733
6000,28262
6001,9114
6002,21193
6003,9898
6004,11845
6005,987
6006,6519
6007,8015
6008,6750
6009,28597
6010,27375
6011,10394
6012,4226
6013,6131
6014,18467
6015,21970
6016,5904
6017,10393
6018,20374
6019,5945
6020,3014
6021,7821
6022,26412
6023,5795
6024,20139
6025,10383
6026,14919
6027,3934
6028,20462
6029,11660
6030,23988
6031,10147
6032,10281
6033,17777
6034,14107
6035,11252
6036,17961
6037,18702
6038,2460
6039,6001
6040,7527
6041,23043
6042,3450
6043,5649
6044,4390
6045,5701
6046,21308
6047,15582
6048,1281
6049,2747
6050,20172
6051,9918
6052,27329
6053,12959
6054,14665
6055,24292
6056,1159
6057,1907
6058,19376
6059,1335
6060,2259
6061,9174
6062,20664
6063,2470
6064,22440
6065,13268
6066,3962
6067,18910
6068,7581
6069,15861
6070,22229
6071,28961
6072,15976
6073,28074
6074,23108
6075,27199
6076,11818
6077,4038
6078,21464
6079,27220
6080,17938
6081,21129
6082,11600
6083,2396
6084,4920
6085,21211
6086,21732
6087,2033
6088,7332
6089,3932
6090,23996
6091,4173
6092,11056
6093,21732
6094,21259
6095,16776
6096,28261
6097,3381
6098,5208
6099,3273
6100,897
6101,7208
6102,20206
6103,9443
6104,19330
6105,22530
6106,13046
6107,22646
6108,19139
6109,5197
6110,6378
6111,3512
6112,18686
6113,1690
6114,3249
6115,3432
6116,15543
6117,22072
6118,26720
6119,3840
6120,4821
6121,26179
6122,4654
6123,2697
6124,1331
6125,3365
6126,25064
6127,5442
6128,9354
6129,1152
6130,11880
6131,11212
6132,347
6133,2398
6134,13591
6135,14917
6136,6389
6137,20089
6138,3331
6139,1561
6140,4883
6141,19706
6142,183
6143,28957
6144,6156
6145,2315
6146,21044
6147,53
6148,25119
6149,1240
6150,20926
6151,1582
6152,10391
6153,374
6154,7468
6155,22172
6156,21229
6157,12863
6158,29030
6159,24084
6160,3477
6161,2460
6162,16635
6163,27264
6164,9230
6165,19530
6166,19952
6167,13801
6168,584
6169,27960
6170,15679
6171,17803
6172,5773
6173,6825
6174,9992
6175,23277
6176,27720
6177,21227
6178,21141
6179,1566
6180,97
6181,327
6182,14844
6183,3270
6184,4191
6185,4349
6186,11173
6187,9363
6188,11910
6189,11845
6190,11582
6191,21140
6192,21114
6193,26609
6194,20129
6195,4525
6196,29128
6197,25080
6198,6500
6199,15706
6200,3937
6201,29099
6202,2652
6203,21964
6204,16350
6205,16877
6206,4919
6207,16472
6208,17311
6209,27131
6210,4519
6211,25422
6212,11542
6213,5293
6214,133
6215,2756
6216,3144
6217,8421
6218,19054
6219,4374
6220,13655
6221,1031
6222,14457
6223,3255
6224,22771
6225,13866
6226,11845
6227,12240
6228,3820
6229,11755
6230,27867
6231,2545
6232,11161
6233,25061
6234,14062
6235,3170
6236,5129
6237,15839
6238,3120
6239,9059
6240,3894
6241,4295
6242,2460
6243,27356
6244,1696
6245,5354
6246,4191
6247,1525
6248,22097
6249,9408
6250,19630
6251,2169
6252,24096
6253,23014
6254,13884
6255,7941
6256,11820
6257,10840
6258,27514
6259,22470
6260,1461
6261,1581
6262,3676
6263,28638
6264,23326
6265,6997
6266,5715
6267,4944
6268,17263
6269,15446
6270,17706
6271,2242
6272,8838
6273,15495
6274,6340
6275,18983
6276,23570
6277,5841
6278,1036
6279,16618
6280,27545
6281,5945
6282,27731
6283,5009
6284,3412
6285,5859
6286,15360
6287,28916
6288,1050
6289,10409
6290,2169
6291,3842
6292,10474
6293,14751
6294,5702
6295,8514
6296,23172
6297,9850
6298,6147
6299,16710
6300,11079
6301,1576
6302,8032
6303,28407
6304,7098
6305,13397
6306,20096
6307,20535
6308,6511
6309,562
6310,22732
6311,28493
6312,1128
6313,11020
6314,1060
6315,11029
6316,6782
6317,5180
6318,18458
6319,15640
6320,1174
6321,2962
6322,11304
6323,5858
6324,12629
6325,13102
6326,16875
6327,11201
6328,9448
6329,25584
6330,9174
6331,19179
6332,26069
6333,19744
6334,24658
6335,4926
6336,637
6337,8985
6338,10337
6339,15377
6340,8848
6341,9854
6342,26728
6343,15083
6344,600
6345,5813
6346,16733
6347,7229
6348,18969
6349,1563
6350,1261
6351,13180
6352,17345
6353,5398
6354,18238
6355,4976
6356,12307
6357,4614
6358,1993
6359,9415
6360,2463
6361,17101
6362,5363
6363,16975
6364,22983
6365,8270
6366,3333
6367,6663
6368,8113
6369,8397
6370,28122
6371,22260
6372,11300
6373,28867
6374,24941
6375,9070
6376,14225
6377,28265
6378,9272
6379,1508
6380,5828
6381,19523
6382,6435
6383,18830
6384,22113
6385,6145
6386,1795
6387,21141
6388,22922
6389,18580
6390,4326
6391,1077
6392,27191
6393,2907
6394,2752
6395,24353
6396,12716
6397,23068
6398,2467
6399,14207
6400,11088
6401,11456
6402,18228
6403,26029
6404,17251
6405,5595
6406,868
6407,11703
6408,25249
6409,14994
6410,5319
6411,20144
6412,8011
6413,5220
6414,5978
6415,11368
6416,19320
6417,9757
6418,11001
6419,1656
6420,4912
6421,20094
6422,6401
6423,3708
6424,22428
6425,17393
6426,28771
6427,11943
6428,3220
6429,3392
6430,359
6431,15246
6432,22285
6433,5034
6434,13415
6435,5201
6436,3864
6437,3149
6438,13945
6439,5308
6440,19068
6441,4086
6442,199
6443,6069
6444,19376
6445,11046
6446,9845
6447,12068
6448,12977
6449,8249
6450,26090
6451,29029
6452,22458
6453,18141
6454,22719
6455,14286
6456,13331
6457,849
6458,23079
6459,582
6460,124
6461,3302
6462,3263
6463,17595
6464,1848
6465,20957
6466,4226
6467,5531
6468,21258
6469,18984
6470,5419
6471,19021
6472,1326
6473,12767
6474,7844
6475,629
6476,14282
6477,7789
6478,20667
6479,3645
6480,2393
6481,12966
6482,28243
6483,6459
6484,5553
6485,22120
6486,8970
6487,25299
6488,12743
6489,25739
6490,15005
6491,11104
6492,29044
6493,23609
6494,19270
6495,774
6496,434
6497,2696
6498,28595
6499,4572
6500,3699
6501,16774
6502,3713
6503,21354
6504,13309
6505,1963
6506,1823
6507,6071
6508,43
6509,8696
6510,23813
6511,4609
6512,17727
6513,5461
6514,2604
6515,14683
6516,20068
6517,16703
6518,17411
6519,4079
6520,13331
6521,24970
6522,28798
6523,24401
6524,23725
6525,17789
6526,512
6527,26991
6528,5659
6529,383
6530,25694
6531,6831
6532,5978
6533,4820
6534,5216
6535,26734
6536,22412
6537,11954
6538,4920
6539,6125
6540,17077
6541,2312
6542,6808
6543,7020
6544,3176
6545,2674
6546,12012
6547,27311
6548,18617
6549,1726
6550,12852
6551,2560
6552,2701
6553,13670
6554,27058
6555,2460
6556,2488
6557,2007
6558,18863
6559,6476
6560,4679
6561,486
6562,8638
6563,6147
6564,4577
6565,15699
6566,4129
6567,21112
6568,28667
6569,6997
6570,28070
6571,22465
6572,17153
6573,28551
6574,3638
6575,14593
6576,5372
6577,11890
6578,1939
6579,11209
6580,25696
6581,9442
6582,20541
6583,11532
6584,2312
6585,3472
6586,1019
6587,2683
6588,13371
6589,24353
6590,25058
